{
  "peak_layer": 45,
  "peak_pct": 95.74468085106383,
  "peak_value": 9397.0925078125,
  "early_mean": 231.79296033926803,
  "middle_mean": 1975.4882407600403,
  "deep_mean": 7191.674114033777,
  "anova_f": 131.1709105347132,
  "anova_p": 1.6818768957298256e-19,
  "verdict": "SUPPORTED"
}