{
  "peak_layer": 45,
  "peak_pct": 95.74468085106383,
  "peak_value": 8416.430062482457,
  "early_mean": 189.85593898548575,
  "middle_mean": 1605.7918640163368,
  "deep_mean": 6077.80454007541,
  "anova_f": 120.90357666943808,
  "anova_p": 7.970893978795459e-19,
  "verdict": "SUPPORTED"
}