{
  "peak_layer": 47,
  "peak_pct": 100.0,
  "peak_value": 14626.689571487223,
  "early_mean": 463.97016141767097,
  "middle_mean": 2977.2171536303085,
  "deep_mean": 11596.510904628005,
  "anova_f": 147.43611628701888,
  "anova_p": 1.7485524423951858e-20,
  "verdict": "SUPPORTED"
}